{
  "bin_edges": {
    "cv_30d": [
      0.0,
      0.044221532373075564,
      0.09613181572733681,
      0.15998639680490984,
      0.22742941227008942,
      0.2971604540446409,
      0.3694741471863691,
      0.4621602379074039,
      0.5661923560855899,
      0.6995758542983989,
      0.9172282405441017,
      1.7411451128345758,
      5.47722557239677
    ],
    "ddown_30d": [
      0.0,
      0.01575078753917017,
      0.09340130947300206,
      0.18307297592784846,
      0.290261325617105,
      0.4220445345228171,
      0.5801620652099,
      0.7741685334170899,
      1.0610974248900942,
      1.5373660196029408,
      29.999999918181818
    ],
    "logq_1d": [
      0.0,
      0.09531017980432493,
      0.5247285289349821,
      1.3001916620664788,
      2.1972245773362196,
      2.766319109226186,
      3.288401887516811,
      3.9357395320454622,
      5.472270673671475,
      6.3835066348840055,
      8.361941906144946,
      9.814710982145282
    ],
    "logq_mean_30d": [
      0.0,
      0.04879016416943204,
      0.30453918951820375,
      0.8072196368197934,
      1.9459101490553132,
      2.3633038270447204,
      2.791982769346416,
      3.2934265118652695,
      3.9859114293284206,
      5.69395658050491,
      6.478850938849097,
      8.421685211882538,
      9.551065457165175
    ],
    "q_1d": [
      0.0,
      0.1,
      0.69,
      2.67,
      8.0,
      14.9,
      25.8,
      50.2,
      237.0,
      591.0,
      4280.0,
      18300.0
    ],
    "q_max_30d": [
      0.0,
      0.1,
      1.0,
      4.66,
      15.8,
      25.6,
      33.3,
      53.8,
      101.0,
      447.0,
      1120.0,
      7040.0,
      19900.0
    ],
    "q_mean_30d": [
      0.0,
      0.05000000000000003,
      0.356,
      1.241666666666667,
      6.0,
      9.625999999999998,
      15.313333333333333,
      25.93499999999996,
      52.834333333333326,
      296.06666666666666,
      650.2222222222222,
      4543.555555555552,
      14058.666666666666
    ],
    "q_mean_7d": [
      0.0,
      0.2214285714285714,
      1.1442857142857135,
      4.946666666666666,
      8.987142857142857,
      15.131428571428572,
      25.614285714285707,
      50.052380952380915,
      243.85714285714286,
      613.238095238095,
      4342.380952380918,
      17228.571428571428
    ],
    "q_mean_90d": [
      0.0,
      0.08698148148148145,
      0.45240740740740715,
      1.5820000000000003,
      6.8654814814814795,
      9.942685185185182,
      15.816444444444445,
      27.86877777777768,
      57.73070370370364,
      344.6545,
      682.5074074074023,
      5153.111111111097,
      12635.888888888889
    ],
    "q_min_30d": [
      0.0,
      0.12,
      0.4,
      1.0,
      2.31,
      6.0,
      17.1,
      87.2,
      400.0,
      2710.0,
      9880.0
    ],
    "q_missing_30d": [
      -1.0,
      1.0
    ],
    "q_std_30d": [
      0.0,
      0.008276819867949167,
      0.10758013861192316,
      0.8603661343041034,
      3.6521585895183066,
      5.99953267727607,
      7.915385861304117,
      10.674716590160207,
      19.36468076014776,
      37.7049707445924,
      202.84817250101747,
      874.9443295742323,
      3837.9115489379187
    ],
    "range_30d": [
      0.0,
      0.16489634234900474,
      0.3538571524194432,
      0.59914407732178,
      0.8546221264725312,
      1.1479811821100108,
      1.4435996250368028,
      1.7500142242630834,
      2.100548655033508,
      2.581293999041088,
      3.3673730265258546,
      6.708336594351826,
      29.99999998578199
    ]
  },
  "horizon_days": 14,
  "lowflow_quantile": 0.1,
  "n_bins": 12,
  "parameter_cd": "00060",
  "positive_rate": {
    "test": 0.4941758026624902,
    "train": 0.39495889460098477
  },
  "row_counts": {
    "test": 20432,
    "train": 46101
  },
  "sites_used": 24,
  "source_cache_dir": "C:\\Users\\user\\Downloads\\AQ_task\\competition_usgs_streamflow_floodwatch_3day_regime_shift\\_cache",
  "split": {
    "bridge_test_rate_lowbaseline": 75,
    "bridge_test_rate_other": 30,
    "bridge_years": [
      2021,
      2022
    ],
    "keep_percent_test": 92,
    "keep_percent_train": 70,
    "test_min_year": 2023,
    "train_max_year": 2020
  }
}